column,compressed_GiB,uncompressed_GiB
"('z band', 'mag err').list.element",0.27970669139176607,0.27995879761874676
"('i band', 'mag err').list.element",0.2725513828918338,0.2728055724874139
"('z band', 'obs mag').list.element",0.27227883972227573,0.2729841759428382
"('z band', 'time').list.element",0.2721220823004842,0.28167393151670694
"('r band', 'mag err').list.element",0.27042163722217083,0.2706757765263319
"('i band', 'obs mag').list.element",0.268919026479125,0.26946036517620087
"('r band', 'obs mag').list.element",0.2682265294715762,0.2686300501227379
"('i band', 'time').list.element",0.26747903507202864,0.2749812761321664
"('r band', 'time').list.element",0.2669575922191143,0.27401812467724085
"('y band', 'mag err').list.element",0.18470040056854486,0.18495576735585928
"('y band', 'time').list.element",0.18221905827522278,0.18579962197691202
"('y band', 'obs mag').list.element",0.1719350991770625,0.1725798463448882
"('g band', 'mag err').list.element",0.12751275673508644,0.1277292286977172
"('g band', 'obs mag').list.element",0.1267274795100093,0.12698192615061998
"('g band', 'time').list.element",0.12587960436940193,0.12913371343165636
"('u band', 'mag err').list.element",0.06481108907610178,0.06499914079904556
"('u band', 'obs mag').list.element",0.06398699432611465,0.06424387823790312
"('u band', 'time').list.element",0.01884967926889658,0.0190443005412817
"('inputs', 'total mass')",0.0010839132592082024,0.0010838573798537254
"('inputs', 'period')",0.0010584322735667229,0.001058376394212246
"('inputs', 'inclination')",0.0009519951418042183,0.0009519448503851891
"('inputs', 'arg of pericenter')",0.0009464817121624947,0.0009464314207434654
"('inputs', 'mass ratio')",0.000944790430366993,0.0009447401389479637
"('inputs', 'eccentricity')",0.0009446414187550545,0.0009445911273360252
"('inputs', 'dec')",0.0009432034566998482,0.0009431531652808189
"('inputs', 'RA')",0.0009368108585476875,0.0009367605671286583
"('inputs', 'redshift')",0.0007559098303318024,0.0007558679208159447
"('inputs', 'Eddington fraction')",0.0007266812026500702,0.0007266392931342125
"('id', '')",0.0006963927298784256,0.0015156744047999382
"('u band', 'info').DHO tau_perturb",0.0005855290219187737,0.0005854927003383636
"('z band', 'info').DHO tau_perturb",0.0005855066701769829,0.0005854703485965729
"('g band', 'info').DHO tau_perturb",0.000585491769015789,0.000585455447435379
"('r band', 'info').DHO tau_perturb",0.0005854768678545952,0.0005854405462741852
"('i band', 'info').DHO tau_perturb",0.0005854545161128044,0.0005854181945323944
"('y band', 'info').DHO tau_perturb",0.0005854470655322075,0.0005854107439517975
"('u band', 'info').DHO sigma_epsilon",0.0005853725597262383,0.0005853362381458282
"('y band', 'info').DHO sigma_DHO",0.0005853651091456413,0.0005853287875652313
"('i band', 'info').DHO sigma_DHO",0.0005853576585650444,0.0005853213369846344
"('r band', 'info').DHO sigma_DHO",0.0005853576585650444,0.0005853213369846344
"('g band', 'info').DHO sigma_epsilon",0.0005853502079844475,0.0005853138864040375
"('u band', 'info').DHO sigma_DHO",0.0005853502079844475,0.0005853138864040375
"('g band', 'info').DHO sigma_DHO",0.0005853502079844475,0.0005853138864040375
"('r band', 'info').DHO sigma_epsilon",0.0005853427574038506,0.0005853064358234406
"('i band', 'info').DHO sigma_epsilon",0.0005853278562426567,0.0005852915346622467
"('u band', 'info').DHO tau_decay",0.0005853278562426567,0.0005852915346622467
"('r band', 'info').DHO tau_decay",0.0005853278562426567,0.0005852915346622467
"('z band', 'info').DHO sigma_DHO",0.0005853278562426567,0.0005852915346622467
"('y band', 'info').DHO sigma_epsilon",0.0005853204056620598,0.0005852840840816498
"('z band', 'info').DHO sigma_epsilon",0.0005853204056620598,0.0005852840840816498
"('z band', 'info').DHO tau_decay",0.0005853129550814629,0.0005852766335010529
"('i band', 'info').DHO tau_decay",0.0005852906033396721,0.0005852542817592621
"('g band', 'info').DHO tau_decay",0.0005852906033396721,0.0005852542817592621
"('y band', 'info').DHO tau_decay",0.0005852906033396721,0.0005852542817592621
"('u band', 'info').DRW amp",0.0005815671756863594,0.0005815308541059494
"('y band', 'info').DRW amp",0.0005815671756863594,0.0005815308541059494
"('z band', 'info').DRW amp",0.0005815671756863594,0.0005815308541059494
"('r band', 'info').DRW amp",0.0005815671756863594,0.0005815308541059494
"('i band', 'info').DRW amp",0.0005815671756863594,0.0005815308541059494
"('g band', 'info').DRW amp",0.0005815671756863594,0.0005815308541059494
"('z band', 'info').DRW tau",0.0005815448239445686,0.0005815085023641586
"('y band', 'info').DRW tau",0.0005815448239445686,0.0005815085023641586
"('u band', 'info').DRW tau",0.0005815373733639717,0.0005815010517835617
"('r band', 'info').DRW tau",0.0005815299227833748,0.0005814936012029648
"('g band', 'info').DRW tau",0.0005815224722027779,0.0005814861506223679
"('i band', 'info').DRW tau",0.0005815150216221809,0.0005814787000417709
"('inputs', 'field')",1.4389865100383759e-05,1.688580960035324e-05
"('inputs', 'accretion modulation')",1.4018267393112183e-05,1.4013610780239105e-05
"('inputs', 'lensing flare')",1.4018267393112183e-05,1.4013610780239105e-05
"('inputs', 'Doppler boosting')",1.4018267393112183e-05,1.4013610780239105e-05
"('inputs', 'retrograde')",7.031485438346863e-07,1.401267945766449e-05
