,,count,mean,std,min,1%,5%,25%,50%,75%,95%,99%,max,missing_frac,IQR
inputs,RA,10000.0,4.852571547554056,101.9546185442844,-179.9976429414571,-176.2422628292648,-160.54746371215953,-82.28847507526922,11.754411359770259,87.54128262017768,159.056519122304,175.69251382208822,179.90931217269917,0.0,169.82975769544692
inputs,dec,10000.0,-31.33286781009276,22.014000161784605,-69.99788803002743,-69.18039788767456,-65.68881073695898,-49.8352960838357,-31.359677698558936,-11.514762892128289,2.733503075781165,5.532243962977542,6.978183973814907,0.0,38.32053319170741
inputs,total mass,10000.0,1257330987.5032437,2458488890.004894,100781.72154201636,190564.42105606923,431597.33715172624,4389981.6154465685,66436299.37833719,831073673.4844899,7800062424.042888,9550943931.433914,9999766576.100664,0.0,826683691.8690434
inputs,mass ratio,10000.0,0.5537437577050145,0.25998587607692253,0.1001079031116313,0.10920750171998846,0.14735320879759387,0.3270917478767475,0.5525858190070774,0.7810834832983069,0.9558959895416846,0.9911737347161661,0.9999874138618168,0.0,0.4539917354215594
inputs,period,10000.0,2.046263616595537,2.481477254425971,0.0027402619570729,0.0031043787203635037,0.00516338332491645,0.10481786866382023,1.0316757452660064,3.0240937771887815,7.822738293680597,9.484796290029168,9.985315251267584,0.0,2.9192759085249613
inputs,eccentricity,10000.0,0.3524121593934506,0.20203051238815428,0.0002125122035035,0.007529012279359459,0.035120656442321506,0.17526790382985574,0.3576168473870772,0.5241705956846737,0.6659628228218438,0.6928855355411984,0.699983868977757,0.0,0.348902691854818
inputs,inclination,10000.0,0.08207326400433153,39.09708816246417,-88.91093525104755,-78.39598286420403,-64.35489209796721,-29.70294560451292,0.36518554884750565,30.52868654425475,63.57065083900556,77.7698920605833,88.66124459680792,0.0,60.23163214876767
inputs,arg of pericenter,10000.0,180.47952493074496,104.05986496295397,0.0199415628414589,3.4700951670001676,18.368617884835196,89.40880318477315,180.3141863092192,271.08053333224456,342.85854697284003,356.609625379503,359.9546394932171,0.0,181.6717301474714
inputs,redshift,10000.0,1.42398582095689,1.6204417668039073,0.0023624646789974,0.012501111111600143,0.042190994699198035,0.20707203933949153,0.741053742234846,2.0801345153832824,5.096213946363072,6.569428091110898,6.994378698862741,0.0,1.8730624760437908
inputs,Eddington fraction,10000.0,0.26667278707964653,0.2230797210059106,0.009716967371207206,0.018906541914287055,0.0360769711346284,0.10048603883496554,0.1889928230580977,0.3679978762209491,0.773473274489947,0.9104273845385992,0.9498287529645631,0.0,0.26751183738598355
